'Kids Books of the Bible',my name is bhavik suthar
'Guess Me',I don't know what to do right now
'Alphabet Song',I can't find the VGA to HDMI cable
'Red Light Green Light',I am really hungry today
'Story Blanks',go to gym tomorrow
'Lemonade Stand',would you like to open lemonade stand
'Simon Tap',I don't know if I should open that or not
"""The Queen's Mathematician""",stop
'Kids Books of the Bible',my name is bhavik suthar
'Guess Me',I don't know what to do right now
'Alphabet Song',I can't find the HDMI to VGA cable
'Red Light Green Light',I am really hungry today
'Story Blanks',I may go to gym tomorrow
'Lemonade Stand',would you like to open lemonade stand
'Simon Tap',I don't know if I should open that or not
"""The Queen's Mathematician""",stop
'Kids Books of the Bible',my name is David souter
Kids Books of the Bible',I'm not sure what you're saying
Kids Books of the Bible,my name is babak sutar
Guess Me,I'm not sure what you're saying
Alphabet Song,would you like to open alphabet song
Kids Books of the Bible,would you like to open
Guess Me,would you like to open the skill
Alphabet Song,I'm not sure what you're saying
Kids Books of the Bible,would you like to open the skill
Guess Me,I'm not sure what you're saying
Kids Books of the Bible,my name is bhavik Suthar
Guess Me,do you really want to open it
Kids Books of the Bible,but I do have a skill you might like
Kids Books of the Bible,goodbye would you like to rate destiny
Guess Me,play
Kids Books of the Bible,I do have a skill you might like
Kids Books of the Bible,I don't know that but I do have a skill you might life
Guess Me,you're not a play
Kids Books of the Bible,but I do have a steel you might like
Guess Me,I'm going to give you some hints and you have to guess who or what I am if this is your first time playing say help to hear a list of things you can say
Kids Books of the Bible,sorry I don't know that but I do have a steel you might life it's called YouVersion kids Bible want to try it
Guess Me,you're not a play
Alphabet Song,trouble accessing your destiny skill right now
Red Light Green Light,ears Red Light Green Light need instructions say help ready to play say play
Story Blanks,red light anybody moving go back to the start line say winner if someone passed the fizzy line say okay to keep playing
Lemonade Stand,Lemonade Stand welcome to Lemonade Stand
Simon Tap,you've been selling lemonade for 2 days right now.
The Queen's Mathematician,here's the Queen's mathematician
Kids Books of the Bible,I don't know why but I do have a feeling you might like it's called YouVersion Bible want to try it
Guess Me,here's my display
Kids Books of the Bible,sorry I don't know that but I do have a skill you might life it's called YouVersion kids Bible
Guess Me,you're not a play
Kids Books of the Bible,I don't know that but I do have a seal you might like
Kids Books of the Bible,I don't know that but I do have a steel you might like it's called you version kids Bible want to try it
Kids Books of the Bible,I don't know that but I do have a steel you might like it's called YouVersion Bible want to try it
Guess Me,here's how to play I'm going to give you some hints and you have to guess who or what I am if this is your first time playing say help to hear a list of things you can say are you ready to get started if you would like
Kids Books of the Bible,I don't know that but I do have a steel you might life it's called YouVersion Bible want to try it
Guess Me,your smart display
my name is babak Suter
do you want me to open kiss me
I'm looking forward to this project today
